<?xml version="1.0" encoding="UTF-8"?>
<project-private xmlns="http://www.netbeans.org/ns/project-private/1">
    <editor-bookmarks xmlns="http://www.netbeans.org/ns/editor-bookmarks/2" lastBookmarkId="0"/>
    <open-files xmlns="http://www.netbeans.org/ns/projectui-open-files/2">
        <group>
            <file>file:/E:/Users/HP/Downloads/Examination-System-master/web/exam.jsp</file>
            <file>file:/E:/Users/HP/Downloads/Examination-System-master/web/showall.jsp</file>
            <file>file:/E:/Users/HP/Downloads/Examination-System-master/web/controller.jsp</file>
            <file>file:/E:/Users/HP/Downloads/Examination-System-master/web/questions.jsp</file>
        </group>
    </open-files>
</project-private>
